volatility_type,frequency,d_hat,alpha1_hat,mu_hat,sigma2_hat_profile
BV,1min,0.4989999858862154,0.02930295646651719,0.01746443957908569,2.1569196662278646e-06
