volatility_type,frequency,d_hat,alpha1_hat,mu_hat,sigma2_hat_profile
RV,5min,0.45103216550074055,-0.2848867792369424,0.023251569457475127,1.5211620696031687e-05
