volatility_type,frequency,d_hat,alpha1_hat,mu_hat,sigma2_hat_profile
RK,5min,0.40642674532301293,-0.24320791969242297,0.022668725147058536,1.6860139248049294e-05
