volatility_type,frequency,d_hat,alpha1_hat,mu_hat,sigma2_hat_profile
JWTSRV,1min,0.49899997351531067,0.05392913346780568,0.016658198475142636,1.9769280573889454e-06
