volatility_type,frequency,d_hat,alpha1_hat,mu_hat,sigma2_hat_profile
MedRV,5min,0.35041071530565465,0.091977798858129,0.016286074371214408,3.0947284231018333e-06
