volatility_type,frequency,d_hat,alpha1_hat,mu_hat,sigma2_hat_profile
JWTSRV,5min,0.498999987879434,-0.054734987447682244,0.016092740374132844,3.1896614335274854e-06
