volatility_type,frequency,d_hat,alpha1_hat,mu_hat,sigma2_hat_profile
RK,1min,0.4397585063939548,-0.27540994857482154,0.022999671295783335,1.5373324481331e-05
