volatility_type,frequency,d_hat,alpha1_hat,mu_hat,sigma2_hat_profile
BV,5min,0.4989999939065814,-0.08827044458931688,0.017295536383526516,3.2420470030500283e-06
