volatility_type,frequency,d_hat,alpha1_hat,mu_hat,sigma2_hat_profile
MedRV,1min,0.49899998581164773,-0.002250336538804098,0.016996502506132664,2.122757632710007e-06
