volatility_type,frequency,d_hat,alpha1_hat,mu_hat,sigma2_hat_profile
RV,1min,0.4548331527169917,-0.26775295878252786,0.0236975374498106,1.40738898362297e-05
