measure,ANN,ARFIMA,GARCH,HAR,HAR-ANN
JWTSRV,0.264722,0.017751,0.0865527,0.0109501,0.175881
MedRV,0.28586,0.018215,0.0840876,0.0112181,0.190539
RV,0.293931,0.0253642,0.0521941,0.0136597,0.193829
TSRV,0.260111,0.0199088,0.087148,0.00956258,0.176021
RK,0.125351,0.0262985,0.0541517,0.0118432,0.0696854
CBV,0.0605915,0.0401338,0.0908109,0.00921029,0.0190632
