measure,ANN,ARFIMA,GARCH,HAR,HAR-ANN
JWTSRV,0.2645,0.0170607,0.0858379,0.0109851,0.175576
MedRV,0.285599,0.0173075,0.0835645,0.011251,0.190342
RV,0.293421,0.0235317,0.0512026,0.0138036,0.193463
TSRV,0.260244,0.0171159,0.0866313,0.00965421,0.176103
RK,0.232465,0.0255581,0.0525272,0.0104923,0.147103
CBV,0.0699765,0.0378389,0.0894614,0.00846546,0.024067
