measure,ANN,ARFIMA,GARCH,HAR,HAR-ANN
JWTSRV,0.227053,0.371981,0.0756844,1,0.236715
MedRV,0.198068,0.375201,0.0740741,1,0.207729
RV,0.236715,0.399356,0.413849,1,0.252818
TSRV,0.233494,0.486312,0.0772947,1,0.241546
RK,0.172303,0.405797,0.405797,1,0.341385
CBV,0.318841,0.381643,0.149758,1,0.645733
