measure,ANN,ARFIMA,GARCH,HAR,HAR-ANN
JWTSRV,0.104161,0.0239773,0.00962016,0.101664,0.0548229
MedRV,0.106758,0.0191368,0.00914546,0.102159,0.0550754
RV,0.113534,0.0272982,0.0148847,0.113087,0.0575306
TSRV,0.108042,0.0276888,0.0100288,0.0902057,0.0599102
RK,0.0384171,0.0276557,0.015807,0.105637,0.0597333
CBV,0.0296618,0.0192397,0.0113262,0.0921337,0.0557344
