measure,ANN,ARFIMA,GARCH,HAR,HAR-ANN
JWTSRV,0.281266,0.0353717,0.100259,0.0178824,0.184393
MedRV,0.276348,0.0374864,0.0997294,0.0201092,0.182228
RV,0.287019,0.0495459,0.0593474,0.0278987,0.184153
TSRV,0.279699,0.0272889,0.109046,0.014682,0.186558
RK,0.126872,0.0482556,0.0592481,0.02467,0.058889
CBV,0.059241,0.0487757,0.0965182,0.0207531,0.026861
