{
  "measure": "MedRV",
  "freq": "5min",
  "hidden": 7,
  "decay": 0.0,
  "val_rmse": 0.01244093005786558,
  "input_norm_mean": [
    0.017172333523881846,
    0.01722244045270776,
    0.01727043301275066,
    0.01731476935172023,
    0.01733569592322476,
    0.01735127832534712,
    0.01736540494854823,
    0.017376380177181225,
    0.01740212770480627,
    0.017435018179849132,
    0.017442034361708138,
    0.01746257631538823,
    0.017501044086823583,
    0.017564221491234763,
    0.01761031085434379,
    0.017638172315810982,
    0.017638650953205357,
    0.017670156744471754,
    0.017700121374756524,
    0.017748865852367623,
    0.01777731096711095,
    0.017804562046298697
  ],
  "input_norm_std": [
    0.006666040496663888,
    0.006695383651220652,
    0.006706929180229254,
    0.006725060872526699,
    0.006714196718373376,
    0.00670632397061987,
    0.006705993337233504,
    0.006701013044340045,
    0.006688361246445044,
    0.006700377139087747,
    0.006705249459682833,
    0.006704329874323986,
    0.006713214816802366,
    0.006797106763768776,
    0.006826213336642086,
    0.006822587734828416,
    0.00682269470302179,
    0.006809642575497056,
    0.006802859039349424,
    0.006804661972897494,
    0.006788952306630639,
    0.006772853245105814
  ],
  "seed": 20250810
}