{
  "measure": "JWTSRV",
  "freq": "5min",
  "hidden": 7,
  "decay": 1e-10,
  "val_rmse": 0.009438713169085964,
  "input_norm_mean": [
    0.01697895743318723,
    0.01701233828512159,
    0.01707249784126944,
    0.01709932631074585,
    0.017121412546384104,
    0.017132999258629666,
    0.01714245922514871,
    0.017155710322364966,
    0.017179580509202236,
    0.017218294548852722,
    0.01723160250942859,
    0.01724568137206324,
    0.01728224591590218,
    0.017333264138263946,
    0.017362010653350593,
    0.017383235621616606,
    0.017387115132896067,
    0.01742057713273874,
    0.017448317486378796,
    0.017493852989072883,
    0.01752421710008857,
    0.017548148415628365
  ],
  "input_norm_std": [
    0.006688612625635439,
    0.00670121436803425,
    0.006746502051205255,
    0.006744155864216187,
    0.0067300833829612595,
    0.006727536867325589,
    0.006726099672903724,
    0.006720210885481942,
    0.006714558419968756,
    0.0067331294548602025,
    0.006741137209325143,
    0.006737575738344581,
    0.006735816799395366,
    0.006802211690454511,
    0.006822521779742757,
    0.006818468542641442,
    0.006818156663046147,
    0.006797839055164388,
    0.006783926624193322,
    0.0067877294746199485,
    0.006781463338936034,
    0.006762702032704163
  ],
  "seed": 20250810
}