{
  "measure": "JWTSRV",
  "freq": "1min",
  "hidden": 15,
  "decay": 0.0,
  "val_rmse": 0.016222317841922806,
  "input_norm_mean": [
    0.017566035454094502,
    0.01760654164383991,
    0.017650607894613222,
    0.017684590985923638,
    0.017709896897516425,
    0.017728254473272025,
    0.01774540410718088,
    0.017762756427290253,
    0.017787887628006354,
    0.01782082548200522,
    0.017830340194296086,
    0.01785000391558517,
    0.017885796200668918,
    0.017937463105579296,
    0.01797207789107942,
    0.01799639669312137,
    0.017995826111133123,
    0.01802837386551516,
    0.018056635481106635,
    0.01809416219060895,
    0.01812566114066667,
    0.018154715616328938
  ],
  "input_norm_std": [
    0.00619790820908859,
    0.006208128585462654,
    0.00621447089240047,
    0.00621448953829017,
    0.006205556158197102,
    0.006199973465238878,
    0.006197305594626169,
    0.00619291391615477,
    0.00618631778740676,
    0.0062054213205633355,
    0.006212328651606503,
    0.0062102571772866795,
    0.006216618450021527,
    0.006263822596124915,
    0.006285107141523849,
    0.006279372737653721,
    0.0062792945308297165,
    0.006264428380318032,
    0.006252607802537135,
    0.006251434295971828,
    0.0062328516563955345,
    0.006214035927047682
  ],
  "seed": 20250810
}