{
  "measure": "RV",
  "freq": "5min",
  "hidden": 7,
  "decay": 1e-10,
  "val_rmse": 0.013807075625665544,
  "input_norm_mean": [
    0.024568436094492253,
    0.024624715158997442,
    0.024680642163344597,
    0.024710137196808816,
    0.024709410824466302,
    0.024740954535804854,
    0.024733959359686915,
    0.024707719797722155,
    0.024732255938934408,
    0.024743369179104212,
    0.02475072240200276,
    0.024809802590218772,
    0.024827436128554724,
    0.024910370338992936,
    0.024953218032943102,
    0.024989025564163953,
    0.02499724955351864,
    0.02502769825915152,
    0.02505556837134079,
    0.025102439293868514,
    0.02513992800126369,
    0.025153377210649377
  ],
  "input_norm_std": [
    0.01194192383890123,
    0.01196651383252732,
    0.011970876901571873,
    0.01197154404855367,
    0.01197176091516473,
    0.011965352712856963,
    0.011965788020587908,
    0.011962569333583872,
    0.011947131968113194,
    0.01195054828754931,
    0.011950247103656752,
    0.011966400714460793,
    0.011967668056706437,
    0.012021317694135811,
    0.01202566453383969,
    0.01201287872388085,
    0.012020363900427173,
    0.011994491551740148,
    0.011973752727204792,
    0.011957545298670286,
    0.011935341529586078,
    0.01192614803079429
  ],
  "seed": 20250810
}