{
  "measure": "BV",
  "freq": "5min",
  "hidden": 7,
  "decay": 0.0,
  "val_rmse": 0.009226049757017268,
  "input_norm_mean": [
    0.018259237812119647,
    0.018299899171793043,
    0.01835018389345011,
    0.01838823659338353,
    0.018407497837813015,
    0.01842562818032913,
    0.01843603708804498,
    0.018442938117789326,
    0.018468895079310436,
    0.018502740611825125,
    0.018514138787697598,
    0.018542402762327145,
    0.01858610085551163,
    0.018651631052885528,
    0.018695365805396574,
    0.018719383350795277,
    0.018716816098303977,
    0.018749620883269993,
    0.018777341475078646,
    0.018824829286171855,
    0.018860567656712963,
    0.018886201608058796
  ],
  "input_norm_std": [
    0.0069737610237682315,
    0.006997788671239844,
    0.007011096834722811,
    0.007024470710295365,
    0.007013099095362674,
    0.007002739509248924,
    0.006999380546396845,
    0.00699790686252906,
    0.006985735625726201,
    0.007001552419680372,
    0.007005525404343824,
    0.007008150968533632,
    0.007016871265375316,
    0.007094067836356793,
    0.00711139987537957,
    0.007106046414455487,
    0.007104572257909195,
    0.007084700033456384,
    0.007074384119365247,
    0.007070509700361895,
    0.007054924516116199,
    0.007041669837493434
  ],
  "seed": 20250810
}