{
  "measure": "MedRV",
  "freq": "1min",
  "hidden": 7,
  "decay": 1e-10,
  "val_rmse": 0.015420527546457553,
  "input_norm_mean": [
    0.017866532940757202,
    0.01790295728696329,
    0.017945200635945943,
    0.017974850856207782,
    0.01799710290295481,
    0.018016982051893404,
    0.01803803703007535,
    0.018058439507865218,
    0.01808288362507756,
    0.018111539399707013,
    0.018123038980678328,
    0.018147944231471008,
    0.018186346168832888,
    0.018235636467615033,
    0.018267989049304083,
    0.018291660103217207,
    0.018295945417966995,
    0.018326660518434783,
    0.0183510108367066,
    0.018385304590281974,
    0.01841592693535584,
    0.018442945312594994
  ],
  "input_norm_std": [
    0.006135573661387949,
    0.006145057894239156,
    0.006151256313500842,
    0.006149651400602247,
    0.006140023460511741,
    0.006135216463632749,
    0.00613153942931057,
    0.006124166383393069,
    0.006117624010442079,
    0.006133124598988337,
    0.006140599570874078,
    0.006138450233026394,
    0.00615259243993403,
    0.006199792507543511,
    0.00621229381113564,
    0.006208436964988773,
    0.006209592468865922,
    0.006191869815339111,
    0.00618097805303519,
    0.006172056545492031,
    0.006154848092153205,
    0.006138565506223693
  ],
  "seed": 20250810
}