{
  "measure": "RV",
  "freq": "1min",
  "hidden": 15,
  "decay": 0.0,
  "val_rmse": 0.012728789420541248,
  "input_norm_mean": [
    0.02498382364509832,
    0.025050457178965407,
    0.02510470689955219,
    0.025117299571360358,
    0.0251182457762332,
    0.0251522074493859,
    0.02514684515207739,
    0.025118068878366342,
    0.02514804127125735,
    0.025162641264820197,
    0.025177539420112218,
    0.02523418667094657,
    0.025258911878951833,
    0.025332058175350464,
    0.02536183284648771,
    0.025407041406536855,
    0.025423368931313483,
    0.025456091549160433,
    0.025485191682278103,
    0.02552627547110893,
    0.025570402711255744,
    0.025590092319163905
  ],
  "input_norm_std": [
    0.011680266788823257,
    0.011711742090217277,
    0.011702120595577608,
    0.011699473152425973,
    0.011699299417537501,
    0.011697013433082692,
    0.011697174975248643,
    0.01168990044364095,
    0.01167645088274823,
    0.011679025288222419,
    0.011681266123807703,
    0.011686231504527756,
    0.011689987331588589,
    0.01173238915937672,
    0.011727777678963465,
    0.01172348757999556,
    0.011738829819863975,
    0.011712097323815177,
    0.01169004787762667,
    0.011667445308325019,
    0.01164823453669693,
    0.011635379796396865
  ],
  "seed": 20250810
}