{
  "measure": "BV",
  "freq": "1min",
  "hidden": 7,
  "decay": 0.0,
  "val_rmse": 0.013221019282902941,
  "input_norm_mean": [
    0.018375676191085325,
    0.018417030218565965,
    0.018460382029941103,
    0.018490619502595004,
    0.018511876786802578,
    0.018531824777728183,
    0.018552076269893844,
    0.018569241844075785,
    0.018593849329558904,
    0.018623497991502064,
    0.018636169070530218,
    0.018665477776180876,
    0.018705638066087688,
    0.018764602859883964,
    0.018796128291730677,
    0.018822140036854604,
    0.01882903487692728,
    0.01886225399466189,
    0.018888657054154715,
    0.01892524671731553,
    0.01895925431932029,
    0.018987112855238814
  ],
  "input_norm_std": [
    0.006328126131872655,
    0.00634347823108906,
    0.006348690728078254,
    0.006344545160507516,
    0.0063360913724397885,
    0.0063313158811830385,
    0.0063282243387852094,
    0.006322750023137404,
    0.006315553856859924,
    0.006329506638842607,
    0.006336990340367435,
    0.006335000043706435,
    0.006347630329937862,
    0.0064086362309025155,
    0.006420233718025221,
    0.006415196196160104,
    0.006416916460209267,
    0.006397273854891523,
    0.0063839518775897905,
    0.00637379992334684,
    0.0063577756657256625,
    0.006340064773778446
  ],
  "seed": 20250810
}