{
  "measure": "RK",
  "freq": "5min",
  "hidden": 7,
  "decay": 0.0,
  "val_rmse": 0.017921478911694006,
  "input_norm_mean": [
    0.02393546293041861,
    0.023987833480167954,
    0.024058213431130272,
    0.024090283444106717,
    0.024088566104825453,
    0.02411770387580328,
    0.024095592748352365,
    0.024057003713156888,
    0.024078359089659815,
    0.024077517225713448,
    0.02409540238630734,
    0.024152193684687656,
    0.024160890363086808,
    0.02422070680108123,
    0.024268862868980837,
    0.024301703637276673,
    0.02429764132962866,
    0.024333724278818848,
    0.024376239409073117,
    0.024417933610919304,
    0.024450113247923965,
    0.024469406789963583
  ],
  "input_norm_std": [
    0.012199469823691628,
    0.012222461235254821,
    0.012248007340582361,
    0.012258031338943074,
    0.012258311384803528,
    0.012248632876183774,
    0.01225328851721844,
    0.012244223595605909,
    0.012230812058225219,
    0.012230643116546024,
    0.012229210960639803,
    0.012246025057085195,
    0.01224695066446134,
    0.012281051401470741,
    0.012305202462054667,
    0.012293763782287472,
    0.012289646202889715,
    0.012263294907910402,
    0.012230829838520462,
    0.012211129874205622,
    0.012197894735463425,
    0.012182715795477486
  ],
  "seed": 20250810
}