{
  "measure": "RK",
  "freq": "1min",
  "hidden": 15,
  "decay": 1e-10,
  "val_rmse": 0.027569226377060534,
  "input_norm_mean": [
    0.024313743280059093,
    0.024370562206879158,
    0.024419599616887517,
    0.024445935311373797,
    0.02444506585938684,
    0.024476592559932155,
    0.024466622952277476,
    0.024438563493555127,
    0.024461260170775212,
    0.02446909480218714,
    0.02447547624636023,
    0.024532122688817205,
    0.024549938977459836,
    0.024614586672936156,
    0.024653251398144095,
    0.024690264362768517,
    0.02469974965725258,
    0.024735020404982867,
    0.024763786290369176,
    0.024806656673599263,
    0.024839327779947226,
    0.024853028122539002
  ],
  "input_norm_std": [
    0.011971781110218488,
    0.012000641035934193,
    0.01199697799224283,
    0.011998367456729834,
    0.011998588574502386,
    0.011992147093116913,
    0.011993110845606787,
    0.011987407129070819,
    0.011974927389586706,
    0.01197687992667702,
    0.01197731085398158,
    0.011987632793426777,
    0.011991357769027954,
    0.012025588824773026,
    0.012030376580549037,
    0.012019807101157104,
    0.012028427370137953,
    0.011999661697377872,
    0.011977195182610059,
    0.011954732130575532,
    0.01193659257466748,
    0.011926719993074934
  ],
  "seed": 20250810
}