{
  "measure": "TSRV",
  "freq": "1min",
  "hidden": 15,
  "decay": 1e-10,
  "val_rmse": 0.014139114710292049,
  "input_norm_mean": [
    0.01586966312947949,
    0.01591699683168833,
    0.015955363735636927,
    0.016005498502185744,
    0.01603531669969082,
    0.01604976998921287,
    0.016044033062903567,
    0.016056457767949624,
    0.016071711778393824,
    0.016106132006588385,
    0.01611075657557805,
    0.016115884225362993,
    0.01614530126644757,
    0.0161858038737375,
    0.01620655426335157,
    0.016214085759592312,
    0.016178306716336126,
    0.016219326142038592,
    0.016237414584324237,
    0.016285235180052756,
    0.01631192414170456,
    0.016324183446334344
  ],
  "input_norm_std": [
    0.007593047578641055,
    0.007638259778300107,
    0.007639916261343858,
    0.007674276751175856,
    0.007663802104540518,
    0.007656717621764957,
    0.0076570586358267285,
    0.007654963606257843,
    0.007646335411001048,
    0.007654043422781115,
    0.007654922533841998,
    0.007653278861172653,
    0.007645763305078472,
    0.007676417650078658,
    0.007694721663111552,
    0.007690826878246199,
    0.007662355207512556,
    0.007653223952680524,
    0.007639207355967892,
    0.007636199954784716,
    0.007622968544783053,
    0.007612806526753552
  ],
  "seed": 20250810
}