{
  "measure": "TSRV",
  "freq": "5min",
  "hidden": 7,
  "decay": 1e-10,
  "val_rmse": 0.016634856505407646,
  "input_norm_mean": [
    0.01457797567320153,
    0.014635551383337374,
    0.014667303872795457,
    0.014714046670177642,
    0.014745327018986015,
    0.0147572861205201,
    0.014757237014796405,
    0.014764261594555584,
    0.014781357497349866,
    0.01482275982558616,
    0.014818993550987473,
    0.014820675392893723,
    0.014839650632618892,
    0.014873128783127217,
    0.014887048283381683,
    0.01488424177842325,
    0.014836698170359014,
    0.014878330971241725,
    0.014889539400871734,
    0.014925746283243368,
    0.014952263537585223,
    0.01496784220660809
  ],
  "input_norm_std": [
    0.008244836384452123,
    0.008315477540689611,
    0.008311439418422988,
    0.008333576254261017,
    0.008328985148149969,
    0.008324139831235965,
    0.008324141649364876,
    0.00832343172273693,
    0.008314415896302956,
    0.008315487891680122,
    0.00831529570839689,
    0.008315027205260896,
    0.008309707500485363,
    0.008324384641632898,
    0.008335240907740063,
    0.008336449275305795,
    0.008277987443034145,
    0.008265257402388808,
    0.008254867048554692,
    0.008242308723218154,
    0.008233852344964989,
    0.00822315351290665
  ],
  "seed": 20250810
}