measure,ANN,ARFIMA,GARCH,HAR,HAR-ANN
JWTSRV,0.148413,0.028365,0.0215345,0.129411,0.0845894
MedRV,0.136702,0.0279286,0.0216389,0.130192,0.0773629
RV,0.159609,0.044087,0.0434196,0.151226,0.0955399
TSRV,0.13974,0.0340821,0.021246,0.118954,0.079974
