measure,ANN,ARFIMA,GARCH,HAR,HAR-ANN
JWTSRV,0.860577,0.469551,0.964516,0,0.85738
MedRV,0.879808,0.543269,0.969355,0,0.875622
RV,0.876603,0.509615,0.803226,0,0.875622
TSRV,0.796474,0.458333,0.970968,0,0.794362
