intercept,beta_D,beta_W,beta_M
4.333146228073834e-05,0.1942231205217793,0.5219029899649852,0.12159240189044315
