intercept,beta_D,beta_W,beta_M
4.677746531904785e-05,0.0403983588650687,0.7307297244246307,0.0533892085377734
