intercept,beta_D,beta_W,beta_M
7.927583229875456e-05,0.14830319894370245,0.2645353233413218,0.2554277002955637
