intercept,beta_D,beta_W,beta_M
4.5351984458181865e-05,0.18548526761283304,0.5740599056367888,0.08939117119628504
