intercept,beta_D,beta_W,beta_M
3.788255300268416e-05,0.2191618291429918,0.5623963591946959,0.07874754598097716
