intercept,beta_D,beta_W,beta_M
6.577543505410338e-05,0.10625105898530823,0.4165458032051707,0.22133246509963897
