intercept,beta_D,beta_W,beta_M
0.00021680557571586217,0.03556505273678456,0.1858837137987417,0.42701934266461133
