intercept,beta_D,beta_W,beta_M
4.200210885911879e-05,0.14456690129839297,0.6540228606324272,0.061408458602870364
