intercept,beta_D,beta_W,beta_M
3.94296938324198e-05,0.16338386257107457,0.615028581831689,0.0823783597894226
