intercept,beta_D,beta_W,beta_M
0.00020480030082667655,0.09211372308439195,0.19299430869216394,0.398953040741465
