intercept,beta_D,beta_W,beta_M
0.00021206856682293455,0.07447391574091707,0.2077473560170504,0.3792866311350124
