intercept,beta_D,beta_W,beta_M
0.00021061545559556511,0.08200698290986445,0.21733761208160823,0.3696354302891425
